<?xml version="1.0" encoding="UTF-8" standalone="yes"?>
<backpropagationNeuronNet>
    <inputDescriptions>
        <inputDescription>
            <maximum>42.0</maximum>
            <minimum>37.0</minimum>
            <name>Teplota</name>
        </inputDescription>
        <inputDescription>
            <maximum>100.0</maximum>
            <minimum>0.0</minimum>
            <name>BolestHlavy</name>
        </inputDescription>
        <inputDescription>
            <maximum>100.0</maximum>
            <minimum>0.0</minimum>
            <name>Kasel</name>
        </inputDescription>
        <inputDescription>
            <maximum>100.0</maximum>
            <minimum>0.0</minimum>
            <name>Unava</name>
        </inputDescription>
        <inputDescription>
            <maximum>100.0</maximum>
            <minimum>0.0</minimum>
            <name>NocniPoceni</name>
        </inputDescription>
    </inputDescriptions>
    <inputsCount>5</inputsCount>
    <lastStepInfluenceLearningRate>0.1</lastStepInfluenceLearningRate>
    <layersCount>2</layersCount>
    <learningRate>0.4</learningRate>
    <neuronInLayersCount>
        <neuronInLayerCount>4</neuronInLayerCount>
        <neuronInLayerCount>3</neuronInLayerCount>
    </neuronInLayersCount>
    <outputDescriptions>
        <outputDescription>Nachlazeni</outputDescription>
        <outputDescription>Chripka</outputDescription>
        <outputDescription>ZapalPlic</outputDescription>
    </outputDescriptions>
    <testSet>
        <testSetElement>
            <inputs>
                <value>38.0</value>
                <value>65.0</value>
                <value>30.0</value>
                <value>70.0</value>
                <value>20.0</value>
            </inputs>
        </testSetElement>
        <testSetElement>
            <inputs>
                <value>42.0</value>
                <value>100.0</value>
                <value>50.0</value>
                <value>50.0</value>
                <value>50.0</value>
            </inputs>
        </testSetElement>
        <testSetElement>
            <inputs>
                <value>37.0</value>
                <value>100.0</value>
                <value>100.0</value>
                <value>20.0</value>
                <value>0.0</value>
            </inputs>
        </testSetElement>
    </testSet>
    <trainSet>
        <trainSetElement>
            <inputs>
                <value>42.0</value>
                <value>100.0</value>
                <value>50.0</value>
                <value>50.0</value>
                <value>50.0</value>
            </inputs>
            <outputs>
                <value>0.0</value>
                <value>1.0</value>
                <value>0.0</value>
            </outputs>
        </trainSetElement>
        <trainSetElement>
            <inputs>
                <value>37.0</value>
                <value>100.0</value>
                <value>100.0</value>
                <value>20.0</value>
                <value>0.0</value>
            </inputs>
            <outputs>
                <value>1.0</value>
                <value>0.0</value>
                <value>0.0</value>
            </outputs>
        </trainSetElement>
        <trainSetElement>
            <inputs>
                <value>42.0</value>
                <value>0.0</value>
                <value>100.0</value>
                <value>100.0</value>
                <value>100.0</value>
            </inputs>
            <outputs>
                <value>0.0</value>
                <value>0.0</value>
                <value>1.0</value>
            </outputs>
        </trainSetElement>
    </trainSet>
</backpropagationNeuronNet>
