<?xml version="1.0" encoding="UTF-8" standalone="yes"?>
<backpropagationNeuronNet>
    <inputDescriptions>
        <inputDescription>
            <maximum>40</maximum>
            <minimum>-20.0</minimum>
            <name>Teplota</name>
        </inputDescription>
        <inputDescription>
            <maximum>100.0</maximum>
            <minimum>0.0</minimum>
            <name>VlhkostVzduchu</name>
        </inputDescription>
        <inputDescription>
            <maximum>100.0</maximum>
            <minimum>0.0</minimum>
            <name>PravdepodobnostSrazek</name>
        </inputDescription>
        <inputDescription>
            <maximum>120.0</maximum>
            <minimum>0.0</minimum>
            <name>RychlostVetru</name>
        </inputDescription>
    </inputDescriptions>
    <inputsCount>4</inputsCount>
    <lastStepInfluenceLearningRate>0.1</lastStepInfluenceLearningRate>
    <layersCount>3</layersCount>
    <learningRate>0.2</learningRate>
    <neuronInLayersCount>
        <neuronInLayerCount>4</neuronInLayerCount>
        <neuronInLayerCount>10</neuronInLayerCount>
        <neuronInLayerCount>4</neuronInLayerCount>
    </neuronInLayersCount>
    <outputDescriptions>
        <outputDescription>Slunecno</outputDescription>
        <outputDescription>Zatazeno</outputDescription>
        <outputDescription>Dest</outputDescription>
        <outputDescription>Snezeni</outputDescription>
    </outputDescriptions>
    <testSet>
        <testSetElement>
            <inputs>
                <value>20.0</value>
                <value>15.0</value>
                <value>5.0</value>
                <value>5.0</value>
            </inputs>
        </testSetElement>
        <testSetElement>
            <inputs>
                <value>15.0</value>
                <value>40.0</value>
                <value>55.0</value>
                <value>15.0</value>
            </inputs>
        </testSetElement>
        <testSetElement>
            <inputs>
                <value>12.0</value>
                <value>80.0</value>
                <value>90.0</value>
                <value>20.0</value>
            </inputs>
        </testSetElement>
        <testSetElement>
            <inputs>
                <value>-10.0</value>
                <value>35.0</value>
                <value>95.0</value>
                <value>35.0</value>
            </inputs>
        </testSetElement>
    </testSet>
    <trainSet>
        <trainSetElement>
            <inputs>
                <value>30.0</value>
                <value>10.0</value>
                <value>10.0</value>
                <value>5</value>
            </inputs>
            <outputs>
                <value>1.0</value>
                <value>0.0</value>
                <value>0.0</value>
                <value>0.0</value>
            </outputs>
        </trainSetElement>
        <trainSetElement>
            <inputs>
                <value>20.0</value>
                <value>20.0</value>
                <value>10.0</value>
                <value>5.0</value>
            </inputs>
            <outputs>
                <value>1.0</value>
                <value>0.0</value>
                <value>0.0</value>
                <value>0.0</value>
            </outputs>
        </trainSetElement>
        <trainSetElement>
            <inputs>
                <value>25.0</value>
                <value>20.0</value>
                <value>4.0</value>
                <value>2.0</value>
            </inputs>
            <outputs>
                <value>1.0</value>
                <value>0.0</value>
                <value>0.0</value>
                <value>0.0</value>
            </outputs>
        </trainSetElement>
        <trainSetElement>
            <inputs>
                <value>30.0</value>
                <value>10.0</value>
                <value>5.0</value>
                <value>8.0</value>
            </inputs>
            <outputs>
                <value>1.0</value>
                <value>0.0</value>
                <value>0.0</value>
                <value>0.0</value>
            </outputs>
        </trainSetElement>
        <trainSetElement>
            <inputs>
                <value>34.0</value>
                <value>0.0</value>
                <value>6.0</value>
                <value>4.5</value>
            </inputs>
            <outputs>
                <value>1.0</value>
                <value>0.0</value>
                <value>0.0</value>
                <value>0.0</value>
            </outputs>
        </trainSetElement>
        <trainSetElement>
            <inputs>
                <value>28.0</value>
                <value>15.0</value>
                <value>0.0</value>
                <value>10.0</value>
            </inputs>
            <outputs>
                <value>1.0</value>
                <value>0.0</value>
                <value>0.0</value>
                <value>0.0</value>
            </outputs>
        </trainSetElement>
        <trainSetElement>
            <inputs>
                <value>18.0</value>
                <value>50.0</value>
                <value>50.0</value>
                <value>15.0</value>
            </inputs>
            <outputs>
                <value>0.0</value>
                <value>1.0</value>
                <value>0.0</value>
                <value>0.0</value>
            </outputs>
        </trainSetElement>
        <trainSetElement>
            <inputs>
                <value>16.5</value>
                <value>60.0</value>
                <value>60.0</value>
                <value>13.0</value>
            </inputs>
            <outputs>
                <value>0.0</value>
                <value>1.0</value>
                <value>0.0</value>
                <value>0.0</value>
            </outputs>
        </trainSetElement>
        <trainSetElement>
            <inputs>
                <value>18.0</value>
                <value>40.0</value>
                <value>60.0</value>
                <value>18.0</value>
            </inputs>
            <outputs>
                <value>0.0</value>
                <value>1.0</value>
                <value>0.0</value>
                <value>0.0</value>
            </outputs>
        </trainSetElement>
        <trainSetElement>
            <inputs>
                <value>15.0</value>
                <value>30.0</value>
                <value>65.0</value>
                <value>20.0</value>
            </inputs>
            <outputs>
                <value>0.0</value>
                <value>1.0</value>
                <value>0.0</value>
                <value>0.0</value>
            </outputs>
        </trainSetElement>
        <trainSetElement>
            <inputs>
                <value>15.0</value>
                <value>80.0</value>
                <value>80.0</value>
                <value>20.0</value>
            </inputs>
            <outputs>
                <value>0.0</value>
                <value>0.0</value>
                <value>1.0</value>
                <value>0.0</value>
            </outputs>
        </trainSetElement>
        <trainSetElement>
            <inputs>
                <value>10.0</value>
                <value>85.0</value>
                <value>88.0</value>
                <value>25.0</value>
            </inputs>
            <outputs>
                <value>0.0</value>
                <value>0.0</value>
                <value>1.0</value>
                <value>0.0</value>
            </outputs>
        </trainSetElement>
        <trainSetElement>
            <inputs>
                <value>20.0</value>
                <value>95.0</value>
                <value>100.0</value>
                <value>30.0</value>
            </inputs>
            <outputs>
                <value>0.0</value>
                <value>0.0</value>
                <value>1.0</value>
                <value>0.0</value>
            </outputs>
        </trainSetElement>
        <trainSetElement>
            <inputs>
                <value>24.0</value>
                <value>95.0</value>
                <value>100.0</value>
                <value>20.0</value>
            </inputs>
            <outputs>
                <value>0.0</value>
                <value>0.0</value>
                <value>1.0</value>
                <value>0.0</value>
            </outputs>
        </trainSetElement>
        <trainSetElement>
            <inputs>
                <value>15.5</value>
                <value>85.0</value>
                <value>80.0</value>
                <value>10.0</value>
            </inputs>
            <outputs>
                <value>0.0</value>
                <value>0.0</value>
                <value>1.0</value>
                <value>0.0</value>
            </outputs>
        </trainSetElement>
        <trainSetElement>
            <inputs>
                <value>-5.0</value>
                <value>50.0</value>
                <value>80.0</value>
                <value>10.0</value>
            </inputs>
            <outputs>
                <value>0.0</value>
                <value>0.0</value>
                <value>0.0</value>
                <value>1.0</value>
            </outputs>
        </trainSetElement>
        <trainSetElement>
            <inputs>
                <value>-10.0</value>
                <value>60.0</value>
                <value>85.0</value>
                <value>8.0</value>
            </inputs>
            <outputs>
                <value>0.0</value>
                <value>0.0</value>
                <value>0.0</value>
                <value>1.0</value>
            </outputs>
        </trainSetElement>
        <trainSetElement>
            <inputs>
                <value>-8.0</value>
                <value>30.0</value>
                <value>95.0</value>
                <value>20.0</value>
            </inputs>
            <outputs>
                <value>0.0</value>
                <value>0.0</value>
                <value>0.0</value>
                <value>1.0</value>
            </outputs>
        </trainSetElement>
        <trainSetElement>
            <inputs>
                <value>-15.0</value>
                <value>40.0</value>
                <value>100.0</value>
                <value>60.0</value>
            </inputs>
            <outputs>
                <value>0.0</value>
                <value>0.0</value>
                <value>0.0</value>
                <value>1.0</value>
            </outputs>
        </trainSetElement>
        <trainSetElement>
            <inputs>
                <value>-12.0</value>
                <value>30.0</value>
                <value>85.0</value>
                <value>40.0</value>
            </inputs>
            <outputs>
                <value>0.0</value>
                <value>0.0</value>
                <value>0.0</value>
                <value>1.0</value>
            </outputs>
        </trainSetElement>
    </trainSet>
</backpropagationNeuronNet>
