<?xml version="1.0" encoding="UTF-8" standalone="yes"?>
<perceptronTask>
    <perceptron>
        <inputDescriptions>
            <maximum>1.0</maximum>
            <minimum>0.0</minimum>
            <name>vstup_1</name>
        </inputDescriptions>
        <inputDescriptions>
            <maximum>1.0</maximum>
            <minimum>0.0</minimum>
            <name>vstup_2</name>
        </inputDescriptions>
        <lerningRate>0.3</lerningRate>
        <name>y</name>
        <weights>
            <weight>0.3593791741754194</weight>
            <weight>0.3233707783609706</weight>
            <weight>0.353394100899889</weight>
        </weights>
    </perceptron>
    <TestSet>
        <element>
            <inputs>
                <value>0.7</value>
                <value>0.9</value>
            </inputs>
        </element>
        <element>
            <inputs>
                <value>0.9</value>
                <value>0.7</value>
            </inputs>
        </element>
        <element>
            <inputs>
                <value>0.2</value>
                <value>0.2</value>
            </inputs>
        </element>
        <element>
            <inputs>
                <value>0.1</value>
                <value>1.0</value>
            </inputs>
        </element>
        <element>
            <inputs>
                <value>1.0</value>
                <value>0.1</value>
            </inputs>
        </element>
    </TestSet>
    <TrainSet>
        <element>
            <inputs>
                <value>1.0</value>
                <value>0.5</value>
            </inputs>
            <output>0.0</output>
        </element>
        <element>
            <inputs>
                <value>0.4</value>
                <value>0.8</value>
            </inputs>
            <output>1.0</output>
        </element>
        <element>
            <inputs>
                <value>0.1</value>
                <value>0.1</value>
            </inputs>
            <output>0.0</output>
        </element>
        <element>
            <inputs>
                <value>0.6</value>
                <value>0.9</value>
            </inputs>
            <output>1.0</output>
        </element>
        <element>
            <inputs>
                <value>0.8</value>
                <value>0.7</value>
            </inputs>
            <output>0.0</output>
        </element>
        <element>
            <inputs>
                <value>0.4</value>
                <value>1.0</value>
            </inputs>
            <output>1.0</output>
        </element>
    </TrainSet>
</perceptronTask>
