<?xml version="1.0" encoding="UTF-8" standalone="yes"?>
<perceptronTask>
    <perceptron>
        <inputDescriptions>
            <maximum>1.0</maximum>
            <minimum>0.0</minimum>
            <name>vstup_1</name>
        </inputDescriptions>
        <inputDescriptions>
            <maximum>1.0</maximum>
            <minimum>0.0</minimum>
            <name>vstup_2</name>
        </inputDescriptions>
        <lerningRate>0.3</lerningRate>
        <name>y</name>
        <weights>
            <weight>0.2542779343147779</weight>
            <weight>0.29311689954499287</weight>
            <weight>0.2800659826221014</weight>
        </weights>
    </perceptron>
    <TestSet>
        <element>
            <inputs>
                <value>0.45</value>
                <value>0.3</value>
            </inputs>
        </element>
        <element>
            <inputs>
                <value>0.5</value>
                <value>0.5</value>
            </inputs>
        </element>
        <element>
            <inputs>
                <value>0.7</value>
                <value>0.4</value>
            </inputs>
        </element>
    </TestSet>
    <TrainSet>
        <element>
            <inputs>
                <value>0.5</value>
                <value>0.5</value>
            </inputs>
            <output>0.0</output>
        </element>
        <element>
            <inputs>
                <value>0.3</value>
                <value>0.4</value>
            </inputs>
            <output>0.0</output>
        </element>
        <element>
            <inputs>
                <value>0.15</value>
                <value>0.8</value>
            </inputs>
            <output>0.0</output>
        </element>
        <element>
            <inputs>
                <value>0.4</value>
                <value>0.2</value>
            </inputs>
            <output>0.0</output>
        </element>
        <element>
            <inputs>
                <value>0.8</value>
                <value>0.05</value>
            </inputs>
            <output>0.0</output>
        </element>
        <element>
            <inputs>
                <value>0.7</value>
                <value>0.55</value>
            </inputs>
            <output>1.0</output>
        </element>
        <element>
            <inputs>
                <value>0.3</value>
                <value>0.8</value>
            </inputs>
            <output>1.0</output>
        </element>
        <element>
            <inputs>
                <value>0.5</value>
                <value>0.9</value>
            </inputs>
            <output>1.0</output>
        </element>
        <element>
            <inputs>
                <value>0.75</value>
                <value>0.85</value>
            </inputs>
            <output>1.0</output>
        </element>
        <element>
            <inputs>
                <value>0.95</value>
                <value>0.1</value>
            </inputs>
            <output>1.0</output>
        </element>
        <element>
            <inputs>
                <value>1.0</value>
                <value>1.0</value>
            </inputs>
            <output>1.0</output>
        </element>
    </TrainSet>
</perceptronTask>
