<?xml version="1.0" encoding="UTF-8" standalone="yes"?>
<perceptronTask>
    <perceptron>
        <inputDescriptions>
            <maximum>1.0</maximum>
            <minimum>0.0</minimum>
            <name>vstup_1</name>
        </inputDescriptions>
        <inputDescriptions>
            <maximum>1.0</maximum>
            <minimum>0.0</minimum>
            <name>vstup_2</name>
        </inputDescriptions>
        <inputDescriptions>
            <maximum>1.0</maximum>
            <minimum>0.0</minimum>
            <name>vstup_3</name>
        </inputDescriptions>
        <lerningRate>0.3</lerningRate>
        <name>y</name>
        <weights>
            <weight>0.27275585921559553</weight>
            <weight>0.36094659069305324</weight>
            <weight>0.3050104938368647</weight>
            <weight>0.36144123047000576</weight>
        </weights>
    </perceptron>
    <TestSet>
        <element>
            <inputs>
                <value>0.5</value>
                <value>0.9</value>
                <value>0.1</value>
            </inputs>
        </element>
        <element>
            <inputs>
                <value>0.3</value>
                <value>0.3</value>
                <value>0.3</value>
            </inputs>
        </element>
        <element>
            <inputs>
                <value>0.6</value>
                <value>0.9</value>
                <value>0.2</value>
            </inputs>
        </element>
    </TestSet>
    <TrainSet>
        <element>
            <inputs>
                <value>0.5</value>
                <value>0.5</value>
                <value>0.5</value>
            </inputs>
            <output>0.0</output>
        </element>
        <element>
            <inputs>
                <value>0.2</value>
                <value>0.4</value>
                <value>0.6</value>
            </inputs>
            <output>0.0</output>
        </element>
        <element>
            <inputs>
                <value>0.1</value>
                <value>0.8</value>
                <value>0.9</value>
            </inputs>
            <output>0.0</output>
        </element>
        <element>
            <inputs>
                <value>0.98</value>
                <value>0.2</value>
                <value>0.1</value>
            </inputs>
            <output>1.0</output>
        </element>
        <element>
            <inputs>
                <value>0.5</value>
                <value>0.9</value>
                <value>0.05</value>
            </inputs>
            <output>1.0</output>
        </element>
        <element>
            <inputs>
                <value>0.7</value>
                <value>0.1</value>
                <value>0.1</value>
            </inputs>
            <output>0.0</output>
        </element>
        <element>
            <inputs>
                <value>0.25</value>
                <value>0.8</value>
                <value>0.65</value>
            </inputs>
            <output>0.0</output>
        </element>
        <element>
            <inputs>
                <value>0.8</value>
                <value>0.69</value>
                <value>0.2</value>
            </inputs>
            <output>1.0</output>
        </element>
        <element>
            <inputs>
                <value>0.7</value>
                <value>0.6</value>
                <value>0.1</value>
            </inputs>
            <output>1.0</output>
        </element>
        <element>
            <inputs>
                <value>0.6</value>
                <value>0.9</value>
                <value>0.05</value>
            </inputs>
            <output>1.0</output>
        </element>
    </TrainSet>
</perceptronTask>
