<?xml version="1.0" encoding="UTF-8" standalone="yes"?>
<perceptronTask>
    <perceptron>
        <inputDescriptions>
            <maximum>10.0</maximum>
            <minimum>0.0</minimum>
            <name>vstup_1</name>
        </inputDescriptions>
        <inputDescriptions>
            <maximum>10.0</maximum>
            <minimum>0.0</minimum>
            <name>vstup_2</name>
        </inputDescriptions>
        <lerningRate>0.3</lerningRate>
        <name>y</name>
        <weights>
            <weight>0.34489877097517707</weight>
            <weight>0.2806271232651718</weight>
            <weight>0.36730519158195807</weight>
        </weights>
    </perceptron>
    <TestSet>
        <element>
            <inputs>
                <value>4.0</value>
                <value>3.0</value>
            </inputs>
        </element>
        <element>
            <inputs>
                <value>5.0</value>
                <value>5.0</value>
            </inputs>
        </element>
        <element>
            <inputs>
                <value>7.0</value>
                <value>4.0</value>
            </inputs>
        </element>
        <element>
            <inputs>
                <value>7.0</value>
                <value>5.0</value>
            </inputs>
        </element>
        <element>
            <inputs>
                <value>4.0</value>
                <value>2.0</value>
            </inputs>
        </element>
        <element>
            <inputs>
                <value>0.0</value>
                <value>0.0</value>
            </inputs>
        </element>
    </TestSet>
    <TrainSet>
        <element>
            <inputs>
                <value>5.0</value>
                <value>5.0</value>
            </inputs>
            <output>0.0</output>
        </element>
        <element>
            <inputs>
                <value>3.0</value>
                <value>4.0</value>
            </inputs>
            <output>0.0</output>
        </element>
        <element>
            <inputs>
                <value>1.0</value>
                <value>8.0</value>
            </inputs>
            <output>0.0</output>
        </element>
        <element>
            <inputs>
                <value>4.0</value>
                <value>2.0</value>
            </inputs>
            <output>0.0</output>
        </element>
        <element>
            <inputs>
                <value>8.0</value>
                <value>0.0</value>
            </inputs>
            <output>0.0</output>
        </element>
        <element>
            <inputs>
                <value>7.0</value>
                <value>5.0</value>
            </inputs>
            <output>1.0</output>
        </element>
        <element>
            <inputs>
                <value>3.0</value>
                <value>8.0</value>
            </inputs>
            <output>1.0</output>
        </element>
        <element>
            <inputs>
                <value>5.0</value>
                <value>9.0</value>
            </inputs>
            <output>1.0</output>
        </element>
        <element>
            <inputs>
                <value>7.0</value>
                <value>8.0</value>
            </inputs>
            <output>1.0</output>
        </element>
        <element>
            <inputs>
                <value>9.0</value>
                <value>1.0</value>
            </inputs>
            <output>1.0</output>
        </element>
        <element>
            <inputs>
                <value>10.0</value>
                <value>10.0</value>
            </inputs>
            <output>1.0</output>
        </element>
    </TrainSet>
</perceptronTask>
